{
  "status": "success",
  "redirect": "/success",
  "data": {
    "user": {
      "login": "sumitkumar9988",
      "id": 55837044,
      "node_id": "MDQ6VXNlcjU1ODM3MDQ0",
      "avatar_url": "https://avatars.githubusercontent.com/u/55837044?v=4",
      "gravatar_id": "",
      "url": "https://api.github.com/users/sumitkumar9988",
      "html_url": "https://github.com/sumitkumar9988",
      "followers_url": "https://api.github.com/users/sumitkumar9988/followers",
      "following_url": "https://api.github.com/users/sumitkumar9988/following{/other_user}",
      "gists_url": "https://api.github.com/users/sumitkumar9988/gists{/gist_id}",
      "starred_url": "https://api.github.com/users/sumitkumar9988/starred{/owner}{/repo}",
      "subscriptions_url": "https://api.github.com/users/sumitkumar9988/subscriptions",
      "organizations_url": "https://api.github.com/users/sumitkumar9988/orgs",
      "repos_url": "https://api.github.com/users/sumitkumar9988/repos",
      "events_url": "https://api.github.com/users/sumitkumar9988/events{/privacy}",
      "received_events_url": "https://api.github.com/users/sumitkumar9988/received_events",
      "type": "User",
      "site_admin": false,
      "name": "sumit Kumar",
      "company": "Bliss ",
      "blog": "",
      "location": "chandigarh",
      "email": null,
      "hireable": null,
      "bio": null,
      "twitter_username": null,
      "public_repos": 16,
      "public_gists": 0,
      "followers": 0,
      "following": 13,
      "created_at": "2019-09-26T11:00:56Z",
      "updated_at": "2021-03-13T05:44:43Z"
    }
  }
}