
{
    "status": "Success",
    "username": "stacia",
    "platform": "SPOJ",
    "points": 285.0,
    "rank": 32,
    "solved": [
      "ABA12B",
      "CIVIL",
      "EKO",
      "ILKQUERY",
      "MONKK",
      "RANDG",
      "TAP2014G",
      "ABA12C",
      "CLAW",
      "EMTY3",
      "IMAGE",
      "MONONUM",
      "RANGESUM",
      "TAP2014H",
      "ABA12E",
      "CLZBICYC",
      "EOPERA",
      "IMMERSED",
      "MOWGLI",
      "RANGZER2",
      "TAP2014J",
      "ABSP1",
      "CLZSTRNG",
      "EPALIN",
      "IMPORT",
      "MSCHED",
      "RATAR",
      "TAP2015A",
      "ACPC11B",
      "CNTINDX2",
      "EPTT",
      "INC2015F",
      "MSET",
      "RE1",
      "TAP2015B",
      "ADDAP",
      "CNTPATHS",
      "EQ",
      "INCARDS",
      "MSTRING",
      "REALNO",
      "TAP2015D",
      "ADST01",
      "COD1",
      "EQDIV",
      "INS14A",
      "MSTRMND",
      "REBOUND",
      "TAP2015G",
      "AE00",
      "CODCHESS",
      "EQUIPASS",
      "INS14B",
      "M_SEQ",
      "RESOURCE",
      "TAP2015I",
      "AFS",
      "CODEM4",
      "EST",
      "INS14I",
      "NAIVELOK",
      "RETRO",
      "TAP2015J",
      "AGGRCOW",
      "CODGRF",
      "FARIDA",
      "IQTEAM",
      "NAJ0001",
      "REVSEQ",
      "TEMPERAT",
      "AHORCADO",
      "COLONY",
      "FBTOURS",
      "ISELECT",
      "NAJHQ",
      "RKS",
      "TEST",
      "AIRLINES",
      "COLORSEG",
      "FCANDY",
      "IZHONYT",
      "NAJMS",
      "RLTOUR",
      "THEATRE",
      "AKBAR",
      "COLOR_CC",
      "FEAST",
      "JARJAR",
      "NATALIAG",
      "RMID",
      "TIEROPE",
      "ALIBB",
      "COMBAT",
      "FENCE1",
      "JC15B",
      "NATALIAS",
      "ROADNET",
      "TJANDRAS",
      "ALIEN",
      "CONGA",
      "FINDPRM",
      "JLNT",
      "NBIN",
      "ROIM",
      "TOHU",
      "ALIEN2",
      "CONHONPR",
      "FINGP",
      "JOKER1",
      "NCKLCE",
      "ROULETTD",
      "TOHU2",
      "ALLIZWEL",
      "CPRMT",
      "FLBRKLIN",
      "JUMP1",
      "NCLNE",
      "RPAR",
      "TOPCODE",
      "ALTSEQ",
      "CRAN01",
      "FLWRS",
      "JUMPPY",
      "NDIV",
      "RPLB",
      "TOPOLAND",
      "AMR11A",
      "CRAN02",
      "FN16ASGN",
      "KALTSUM",
      "NDS",
      "RPLC",
      "TOUGH",
      "AMR11B",
      "CRAN04",
      "FN16BASE",
      "KHAOTMPL",
      "NEKAMELEONI",
      "RPLD",
      "TRANCLS",
      "AMR12B",
      "CRAZYSK",
      "FN16CEIL",
      "KIMO1",
      "NEXTLEX",
      "RPLE",
      "TRIISO",
      "AMR12G",
      "CRCLE_UI",
      "FN16CLK",
      "KNGCHECK",
      "NICEBTRE",
      "RPLK",
      "TRIP2",
      "AMSCO1",
      "CRDS",
      "FN16DIET",
      "KOZE",
      "NITK07",
      "RTREE3",
      "TRUTHORL",
      "AMZRCK",
      "CRICKDP",
      "FN16MARS",
      "KQUERY",
      "NITT1",
      "SA04D",
      "TRVCOST",
      "ANAGR",
      "CRNVALEN",
      "FN16OIL",
      "KQUERYO",
      "NITT2",
      "SAFECRAC",
      "TSUNAMI",
      "ANARC08H",
      "CROBOTS",
      "FN16QUOT",
      "KRUS",
      "NITT8",
      "SAMER08A",
      "TULIPNUM",
      "AP2",
      "CS345A1",
      "FN16RIVER",
      "KSELECT",
      "NOSQ",
      "SAMER08D",
      "TWENTYQ",
      "APPROB",
      "CSHOWB",
      "FN16SWAP",
      "KULE",
      "NSQUARE",
      "SAMER08E",
      "TWOGAME",
      "APS",
      "CT16E",
      "FOLD",
      "KURUK14",
      "NUMPATH",
      "SAMER08F",
      "UCV2013A",
      "AR2015PC",
      "CTPDIRTY",
      "FONTSIZE",
      "LABYR1",
      "OAE",
      "SCELL",
      "UCV2013C",
      "AR2015PF",
      "CUBNUM",
      "FRND",
      "LANDFILL",
      "OGLEDALA",
      "SCPC11B",
      "UCV2013E",
      "ARBITRAG",
      "CWB",
      "FROGGER",
      "LARSUBP",
      "OHANISER",
      "SCPC11F",
      "UCV2013H",
      "ARDA1",
      "CWORLD",
      "FRSCR",
      "LAS",
      "OPCPIZZA",
      "SELLPHN2",
      "UCV2013J",
      "ARRHUDAI",
      "DANCE",
      "FUNMODSEQ",
      "LASER_BEAM",
      "OPCTRIP",
      "SERGEARS",
      "UJ01",
      "ATOMS",
      "DCEPC11B",
      "FUSION",
      "LAWNMWR",
      "ORDSUM23",
      "SERVICEH",
      "ULM02",
      "AU7_5",
      "DCEPC11C",
      "GAMARENA",
      "LCPC12E",
      "ORGNZ",
      "SERVS",
      "UOFTAB",
      "AVMG1",
      "DCEPC11J",
      "GCOOP",
      "LCPC12F",
      "PAAAARTY",
      "SGAME",
      "UOFTAC",
      "A_W_S_N",
      "DCEPC12B",
      "GDIL",
      "LCPC12H",
      "PAML",
      "SHAHBG",
      "UOFTAF",
      "BACKPACK",
      "DCEPC14A",
      "GEEKOUNT",
      "LEXSTR",
      "PANCAKES",
      "SHANGUL",
      "UOFTBB",
      "BALL1",
      "DCEPC14D",
      "GEORGE",
      "LINES",
      "PANIC",
      "SHILL",
      "UOFTBC",
      "BAT1",
      "DCEPC14F",
      "GERGOVIA",
      "LOCKER",
      "PAREN",
      "SHOP2",
      "UOFTCC",
      "BAT3",
      "DCEPC14H",
      "GGD",
      "LOPOV",
      "PATHGAME",
      "SHUB1307",
      "UOFTCD",
      "BGSHOOT",
      "DCEPC504",
      "GOPI_SW",
      "LOSTNSURVIVED",
      "PATULJCI",
      "SICRANO",
      "UOFTCE",
      "BHAT007",
      "DCEPC702",
      "GOSTONES",
      "LOTGAME",
      "PAUWS",
      "SILVER",
      "UOFTCF",
      "BINPRNUM",
      "DCEPCA10",
      "GR",
      "LOVEBIRDS",
      "PAYING",
      "SIMPGAME",
      "UPDATEIT",
      "BIRTHDAY",
      "DEC123",
      "GREMLINS",
      "LPIS",
      "PCLNMBR",
      "SKYLINE2",
      "VECTAR1",
      "BLBONO",
      "DEFKIN2",
      "GRUPVIVA",
      "MABJ",
      "PEGS",
      "SMALL",
      "VECTAR11",
      "BLCONE",
      "DERP",
      "GSCANDY",
      "MADN",
      "PERMPATT",
      "SMARIO",
      "VECTAR14",
      "BLHETA",
      "DIEHARD",
      "GSHOP",
      "MAIN12A",
      "PETYABRO",
      "SNGDIV69",
      "VECTAR6",
      "BLOCK",
      "DIG",
      "HCHAINS",
      "MAIN72",
      "PFND",
      "SNGGW",
      "VECTAR8",
      "BLOPER",
      "DISTO",
      "HCMUS20A",
      "MANGOES",
      "PIHU1",
      "SNGINT",
      "VECTAR9",
      "BLUEEQ2",
      "DIVEQL",
      "HDEVIL",
      "MARYBMW",
      "PIRACON",
      "SNGLOOP1",
      "VENOM",
      "BLUNIQ",
      "DIVFACT",
      "HELPBTW",
      "MATNUM",
      "PLNDTREE",
      "SNGNM2",
      "VFRIENDS",
      "BMJ",
      "DIVSEQ",
      "HELPDONN",
      "MATT",
      "PLSQUARE",
      "SNGPG",
      "VISIBLEBOX",
      "BOARD1",
      "DOJO",
      "HEROARR",
      "MAX2214",
      "PLUS",
      "SNIPE",
      "VOLNTEER",
      "BOI02TRI",
      "DOM",
      "HEXBOARD",
      "MAXI",
      "POLICEMEN",
      "SOCNETC",
      "VOTAS",
      "BRDGHRD",
      "DOMINO1",
      "HG",
      "MAXOR",
      "POLYGAME",
      "SORTMAC",
      "VPALIN",
      "BRI",
      "DOMINO8",
      "HIGHBABA",
      "MAXRAD",
      "POSAO",
      "SPACESHIP",
      "VPL0_B",
      "BRIDGE",
      "DOMINOES",
      "HIKE",
      "MAX_NUM",
      "POSTERIN",
      "SPATHS",
      "VPL0_D",
      "BSHIP",
      "DONALDO",
      "HIPPO",
      "MAY99_1",
      "POTIONS",
      "SPCE",
      "VPL2_AB",
      "BVAAN",
      "DOSA",
      "HJB",
      "MAY99_2",
      "POWERCAR",
      "SPCQ",
      "WAL3A",
      "BWB",
      "DOTAA",
      "HLP_RAMS",
      "MAY99_3",
      "PPBRQ",
      "SPCS",
      "WALLSPRO",
      "BWIDOW",
      "DP",
      "HMBY",
      "MAY99_4",
      "PRATA",
      "SPCU",
      "WAYHOME",
      "BYECAKES",
      "DRAGON",
      "HOLIDAY1",
      "MAZE",
      "PRESIDEN",
      "SPEED",
      "WINDVANE",
      "BYTESM1",
      "DRTREE",
      "HOLIDAY2",
      "MB1",
      "PRETILE",
      "SPIDY",
      "WPC5A",
      "BYU15W_2",
      "DRUIDEOI",
      "HONDA",
      "MC",
      "PRIMIT",
      "SQRMINSUM",
      "WPC5D",
      "CADYDIST",
      "DRWLNS",
      "HPFORF",
      "MCAMP",
      "PRJAN15B",
      "STARSBC",
      "WPC5F",
      "CAGES",
      "DSH",
      "IAPCR2E",
      "MCITYHAL",
      "PRJAN15C",
      "STAVATAR",
      "WRP",
      "CAMELOT",
      "DSWEETS",
      "IAPCR2F",
      "MDIGITS",
      "PRJAN15E",
      "STC00",
      "WTK",
      "CARNIVAL",
      "DTRAP",
      "IDC1948",
      "MEDIAN3",
      "PRJAN15F",
      "STC07",
      "XYI",
      "CARRHIM",
      "DWARFLOG",
      "IEEEBGAM",
      "MFISH",
      "PRJAN15G",
      "STC08",
      "YELBRICK",
      "CATM",
      "EAGLE1",
      "IGOR",
      "MICEMAZE",
      "PRUBALL",
      "STRAWB",
      "YOYOCQM",
      "CBANK",
      "EASYMATH",
      "IITKWPCB",
      "MIDEARTH",
      "PSWITCH",
      "STREET",
      "ZAMENA",
      "CCCCUBE",
      "EC_ESTA",
      "IITKWPCI",
      "MINMOVE",
      "PTRELIC",
      "STREETR",
      "ZIGZAG",
      "CDC12_C",
      "EC_MODE",
      "IITKWPCO",
      "MINNUM",
      "PUCMM009",
      "SUBSHARD",
      "ZNANSTVE",
      "CDRSANJ",
      "EC_SER",
      "IITWPC4E",
      "MKEQUAL",
      "PUTNIK",
      "SUBSN",
      "CHEATING",
      "EDIT",
      "IITWPC4F",
      "MMAXPER",
      "QN02",
      "SYNC13C",
      "CHGROOM",
      "EDIT2",
      "IITWPC4H",
      "MMMAGIC3",
      "QTDIVIDE",
      "TANDC",
      "CHOTU",
      "EGYPIZZA",
      "IITWPC4I",
      "MMMAGIC4",
      "QTGIFT3",
      "TAP2012A",
      "CIJEVI",
      "EIDSALAMI2",
      "IITWPC4K",
      "MNIU",
      "QTREE2",
      "TAP2014B",
      "CINEMACON",
      "EIUASSEMBLY",
      "IITWPC4L",
      "MONEYYTU",
      "RAFANOLE",
      "TAP2014E"
    ],
    "todo": [
      "AE5A1",
      "BUILDTOW",
      "DCEPC807",
      "FOODIES",
      "MOVMRBL",
      "RPLI",
      "AGS",
      "CARDSHUF",
      "EASYPROB",
      "GAMES",
      "ONBRIDGE",
      "SCCCER",
      "AP3",
      "CARINA",
      "EVENFRQ",
      "HCT00001",
      "PFOLD",
      "STICKS",
      "BALIFE",
      "CHAOS_CC",
      "FACTCG2",
      "MLK",
      "PON",
      "STRGAMB",
      "BCAKE",
      "CHIGAME",
      "FASHION",
      "MOBILE",
      "RMOVIE",
      "TIPTOP"
    ],
    "join data": "Nov 2010",
    "institute": "| Tutorial | Tools | Clusters | Credits | API | Widgets"
  }